<script>
	<effect name="synch" start="1.862645149230957e-009" end="39.778095245361328">
		<trigger start="12.814090728759766" name="baseline" value="test" repeat="63" delay="0.44962325692176819"/>
	</effect>
	<effect name="claire" start="0" end="39.825466156005859">
		<trigger start="79.544563293457031" name="color" value="128064000"/>
		<trigger start="57.957813262939453" name="color" value="064000016"/>
		<trigger start="0" name="color" value="000000016"/>
	</effect>
	<effect name="frida" start="12.795276641845703" end="33.436000823974609">
		<trigger start="0" name="color" value="210210210"/>
		<trigger start="3.2887248992919922" name="color" value="255230060"/>
		<trigger start="6.6697235107421875" name="color" value="128148254"/>
		<trigger start="6.15472412109375" name="color" value="000000000"/>
		<trigger start="10.200723648071289" name="color" value="00009000"/>
		<trigger start="9.7257251739501953" name="color" value="000000000"/>
		<trigger start="13.731212615966797" name="color" value="120000120"/>
		<trigger start="13.062211990356445" name="color" value="000000000"/>
		<trigger start="17.281213760375977" name="color" value="255255255"/>
		<trigger start="16.585212707519531" name="color" value="000000000"/>
		<trigger start="2.5587244033813477" name="color" value="000000000"/>
	</effect>
	<effect name="planet" state="off" start="0" end="10">
		<spline name="alpha" type="smooth" timescale="1" timeoffset="0" valuescale="1" valueoffset="0">
			<key time="1.306532621383667" value="0"/>
			<key time="4.8994975090026855" value="3"/>
			<key time="6.3285117149353027" value="7"/>
			<key time="7.6444692611694336" value="10"/>
			<key time="10" value="11"/>
		</spline>
	</effect>
	<effect name="particle" state="off" start="9.9782981872558594" end="13.043461799621582">
		<spline name="alpha" type="smooth" timescale="1" timeoffset="0" valuescale="1" valueoffset="0">
			<key time="1.0050250291824341" value="0"/>
			<key time="1.5325818061828613" value="78"/>
			<key time="1.9596362113952637" value="0"/>
		</spline>
	</effect>
	<effect name="rut back1" start="8.6378822326660156" end="12.821198463439941">
		<trigger start="0" name="angle" value="12"/>
		<trigger start="0" name="speed" value="50"/>
		<trigger start="0" name="color" value="159076026"/>
		<spline name="x" type="smooth" timescale="1" timeoffset="0" valuescale="1" valueoffset="0">
			<key time="0" value="-22"/>
			<key time="5" value="-22"/>
			<key time="10" value="-22"/>
		</spline>
		<spline name="y" type="smooth" timescale="1" timeoffset="0" valuescale="1" valueoffset="0">
			<key time="0" value="16"/>
			<key time="5" value="16"/>
			<key time="10" value="16"/>
		</spline>
		<spline name="size" type="smooth" timescale="1" timeoffset="0" valuescale="1" valueoffset="0">
			<key time="0.10050251334905624" value="0"/>
			<key time="0.20100502669811249" value="15"/>
			<key time="0.32662612199783325" value="15"/>
			<key time="3.8316550254821777" value="15"/>
			<key time="3.8693437576293945" value="15"/>
			<key time="3.9824097156524658" value="0"/>
		</spline>
	</effect>
	<effect name="rut back2" start="9.6429119110107422" end="12.821198463439941">
		<trigger start="0" name="angle" value="12"/>
		<trigger start="0" name="speed" value="50"/>
		<trigger start="0" name="color" value="083066118"/>
		<spline name="x" type="smooth" timescale="1" timeoffset="0" valuescale="1" valueoffset="0">
			<key time="0" value="22"/>
			<key time="6.4572930335998535" value="22"/>
			<key time="12.914586067199707" value="22"/>
		</spline>
		<spline name="y" type="smooth" timescale="1" timeoffset="0" valuescale="1" valueoffset="0">
			<key time="0" value="16"/>
			<key time="6.4572930335998535" value="16"/>
			<key time="12.914586067199707" value="16"/>
		</spline>
		<spline name="size" type="smooth" timescale="1" timeoffset="0" valuescale="1" valueoffset="0">
			<key time="0" value="0"/>
			<key time="0.10050251334905624" value="15"/>
			<key time="0.15074671804904938" value="15"/>
			<key time="2.9773824214935303" value="15"/>
			<key time="3.0150706768035889" value="15"/>
			<key time="3.0904474258422852" value="0"/>
		</spline>
	</effect>
	<effect name="rut back3" start="10.647941589355469" end="12.821198463439941">
		<trigger start="0" name="angle" value="12"/>
		<trigger start="0" name="speed" value="40"/>
		<trigger start="0" name="color" value="110094121"/>
		<spline name="x" type="smooth" timescale="1" timeoffset="0" valuescale="1" valueoffset="0">
			<key time="0" value="-22"/>
			<key time="6.0050296783447266" value="-22"/>
			<key time="12.010059356689453" value="-22"/>
		</spline>
		<spline name="y" type="smooth" timescale="1" timeoffset="0" valuescale="1" valueoffset="0">
			<key time="0" value="-16"/>
			<key time="6.0050296783447266" value="-16"/>
			<key time="12.010059356689453" value="-16"/>
		</spline>
		<spline name="size" type="smooth" timescale="1" timeoffset="0" valuescale="1" valueoffset="0">
			<key time="0" value="0"/>
			<key time="0.10050251334905624" value="15"/>
			<key time="0.15074671804904938" value="15"/>
			<key time="2.1859240531921387" value="15"/>
			<key time="2.2236123085021973" value="15"/>
			<key time="2.3366775512695313" value="0"/>
		</spline>
	</effect>
	<effect name="rut back4" start="11.024827003479004" end="12.821198463439941">
		<trigger start="0" name="speed" value="30"/>
		<trigger start="0" name="angle" value="12"/>
		<trigger start="0" name="color" value="245209054"/>
		<spline name="x" type="smooth" timescale="1" timeoffset="0" valuescale="1" valueoffset="0">
			<key time="0" value="22"/>
			<key time="5.8542752265930176" value="22"/>
			<key time="11.708550453186035" value="22"/>
		</spline>
		<spline name="y" type="smooth" timescale="1" timeoffset="0" valuescale="1" valueoffset="0">
			<key time="0" value="-16"/>
			<key time="5.8542752265930176" value="-16"/>
			<key time="11.708550453186035" value="-16"/>
		</spline>
		<spline name="size" type="smooth" timescale="1" timeoffset="0" valuescale="1" valueoffset="0">
			<key time="-4.6566128730773926e-010" value="0"/>
			<key time="0.13820940256118774" value="15"/>
			<key time="0.17589758336544037" value="15"/>
			<key time="1.8718786239624023" value="15"/>
			<key time="1.9095668792724609" value="15"/>
			<key time="2.0226321220397949" value="0"/>
		</spline>
	</effect>
	<effect name="torus" start="12.801527976989746" end="33.490741729736328">
		<trigger start="6.3010077476501465" name="toggle" value="" repeat="2" delay="0.91708528995513916"/>
		<trigger start="9.8917808532714844" name="toggle" value="" repeat="2" delay="0.92964810132980347"/>
		<trigger start="13.482393264770508" name="toggle" value="" repeat="2" delay="0.92964810132980347"/>
		<trigger start="17.084356307983398" name="toggle" value="" repeat="2" delay="0.91708528995513916"/>
		<trigger start="2.7010054588317871" name="toggle" value="" repeat="2" delay="0.91708070039749146"/>
	</effect>
	<effect name="rut cool" start="11.391595840454102" end="12.798629760742188">
		<trigger start="0" name="texture" value="mccool.png"/>
		<spline name="x" type="smooth" timescale="1" timeoffset="0" valuescale="1" valueoffset="0">
			<key time="0" value="0"/>
			<key time="2.0351681709289551" value="0"/>
			<key time="4.0703363418579102" value="0"/>
		</spline>
		<spline name="y" type="smooth" timescale="1" timeoffset="0" valuescale="1" valueoffset="0">
			<key time="0" value="0"/>
			<key time="2.0351681709289551" value="0"/>
			<key time="4.0703363418579102" value="0"/>
		</spline>
		<spline name="size" type="smooth" timescale="1" timeoffset="0" valuescale="1" valueoffset="0">
			<key time="0" value="0"/>
			<key time="0.15074610710144043" value="22"/>
			<key time="0.58416152000427246" value="24.806892395019531"/>
			<key time="1.1934571266174316" value="22"/>
			<key time="1.2562714815139771" value="0"/>
		</spline>
		<spline name="alpha" type="smooth" timescale="1" timeoffset="0" valuescale="1" valueoffset="0">
			<key time="0" value="10"/>
			<key time="2.0351681709289551" value="10"/>
			<key time="4.0703363418579102" value="10"/>
		</spline>
		<spline name="angle" type="smooth" timescale="1" timeoffset="0" valuescale="1" valueoffset="0">
			<key time="0" value="0"/>
			<key time="2.0351681709289551" value="0"/>
			<key time="4.0703363418579102" value="0"/>
		</spline>
	</effect>
	<effect name="rut coolmouth" start="11.391595840454102" end="12.798612594604492">
		<trigger start="0" name="texture" value="mccoolmouth.png"/>
		<spline name="x" type="smooth" timescale="1" timeoffset="0" valuescale="1" valueoffset="0">
			<key time="0" value="0"/>
			<key time="0.42713189125061035" value="0"/>
			<key time="0.43969208002090454" value="0"/>
			<key time="0.51192748546600342" value="2"/>
			<key time="0.62185126543045044" value="0"/>
			<key time="0.68544960021972656" value="0.1677466481924057"/>
			<key time="0.74433749914169312" value="0"/>
			<key time="0.82521015405654907" value="2"/>
			<key time="0.90608274936676025" value="0"/>
			<key time="0.98087006807327271" value="0.25213843584060669"/>
			<key time="1.0183620452880859" value="0"/>
			<key time="1.0700862407684326" value="2"/>
			<key time="1.2600010633468628" value="0"/>
			<key time="1.2880705595016479" value="0"/>
			<key time="2.0351681709289551" value="0"/>
			<key time="4.0703363418579102" value="0"/>
		</spline>
		<spline name="y" type="smooth" timescale="1" timeoffset="0" valuescale="1" valueoffset="0">
			<key time="0" value="0"/>
			<key time="0.41456907987594604" value="0"/>
			<key time="0.43340909481048584" value="0"/>
			<key time="0.52920025587081909" value="-4"/>
			<key time="0.62499141693115234" value="0"/>
			<key time="0.70154464244842529" value="0.051325876265764236"/>
			<key time="0.75218796730041504" value="0"/>
			<key time="0.80911332368850708" value="-4"/>
			<key time="0.91628986597061157" value="0"/>
			<key time="0.97149693965911865" value="-0.021658435463905334"/>
			<key time="0.99205833673477173" value="0"/>
			<key time="1.0675337314605713" value="-4"/>
			<key time="1.1932605504989624" value="0"/>
			<key time="1.2938611507415771" value="0"/>
			<key time="2.0351681709289551" value="0"/>
			<key time="4.0703363418579102" value="0"/>
		</spline>
		<spline name="size" type="smooth" timescale="1" timeoffset="0" valuescale="1" valueoffset="0">
			<key time="4.6566128730773926e-010" value="0"/>
			<key time="0.15074610710144043" value="22"/>
			<key time="0.59044003486633301" value="24.815523147583008"/>
			<key time="1.1808884143829346" value="22"/>
			<key time="1.256264328956604" value="0"/>
		</spline>
		<spline name="alpha" type="smooth" timescale="1" timeoffset="0" valuescale="1" valueoffset="0">
			<key time="0" value="10"/>
			<key time="2.0351681709289551" value="10"/>
			<key time="4.0703363418579102" value="10"/>
		</spline>
		<spline name="angle" type="smooth" timescale="1" timeoffset="0" valuescale="1" valueoffset="0">
			<key time="0" value="0"/>
			<key time="2.0351681709289551" value="0"/>
			<key time="4.0703363418579102" value="0"/>
		</spline>
	</effect>
	<effect name="rut boner" start="15.090291976928711" end="20.353742599487305">
		<trigger start="0" name="texture" value="mcboner.png" repeat="2" delay="0.60929644107818604"/>
		<trigger start="4.2454423904418945" name="texture" value="mcboner.png" repeat="2" delay="0.43969842791557312"/>
		<trigger start="4.4966974258422852" name="texture" value="mcbonertwist.png" repeat="2" delay="0.41457280516624451"/>
		<trigger start="0.37273406982421875" name="texture" value="mcbonertwist.png" repeat="2" delay="0.47110551595687866"/>
		<spline name="x" type="smooth" timescale="1" timeoffset="0" valuescale="1" valueoffset="0">
			<key time="0" value="-67"/>
			<key time="0.16324126720428467" value="-0.375"/>
			<key time="0.99223548173904419" value="0.78289794921875"/>
			<key time="1.142912745475769" value="67"/>
			<key time="1.1680383682250977" value="67"/>
			<key time="3.8941783905029297" value="67"/>
			<key time="3.919304370880127" value="67"/>
			<key time="4.0574951171875" value="0"/>
			<key time="4.8991999626159668" value="0"/>
			<key time="5.0625162124633789" value="-67"/>
		</spline>
		<spline name="y" type="smooth" timescale="1" timeoffset="0" valuescale="1" valueoffset="0">
			<key time="0" value="13"/>
			<key time="0.15699750185012817" value="-7"/>
			<key time="0.18836688995361328" value="-7.4069051742553711"/>
			<key time="0.28964993357658386" value="0.47429466247558594"/>
			<key time="0.39093297719955444" value="-7.5936031341552734"/>
			<key time="0.49849742650985718" value="-0.66666316986083984"/>
			<key time="0.60606187582015991" value="-7.753633975982666"/>
			<key time="0.71990776062011719" value="-0.82703256607055664"/>
			<key time="0.83375358581542969" value="-7.8992629051208496"/>
			<key time="0.92522430419921875" value="0.065356731414794922"/>
			<key time="1.0166950225830078" value="-7.9646205902099609"/>
			<key time="1.1743584871292114" value="13"/>
			<key time="1.19948410987854" value="13"/>
			<key time="3.8753728866577148" value="13"/>
			<key time="3.9004988670349121" value="13"/>
			<key time="4.0386896133422852" value="-9"/>
			<key time="4.1517548561096191" value="0"/>
			<key time="4.2396945953369141" value="-9"/>
			<key time="4.3778853416442871" value="0"/>
			<key time="4.4783878326416016" value="-9"/>
			<key time="4.5914530754089355" value="0"/>
			<key time="4.6793928146362305" value="-9"/>
			<key time="4.8175835609436035" value="0"/>
			<key time="4.918086051940918" value="-9"/>
			<key time="5.056276798248291" value="13"/>
		</spline>
		<spline name="alpha" type="smooth" timescale="1" timeoffset="0" valuescale="1" valueoffset="0">
			<key time="0" value="12"/>
			<key time="2.6317253112792969" value="12"/>
			<key time="5.2634506225585938" value="12"/>
		</spline>
		<spline name="size" type="smooth" timescale="1" timeoffset="0" valuescale="1" valueoffset="0">
			<key time="0" value="22"/>
			<key time="0.77874374389648438" value="22"/>
			<key time="1.5574874877929687" value="22"/>
		</spline>
	</effect>
	<effect name="rut boner" start="22.251049041748047" end="27.514490127563477">
		<trigger start="0" name="texture" value="mcboner.png" repeat="2" delay="0.60929644107818604"/>
		<trigger start="4.2479438781738281" name="texture" value="mcboner.png" repeat="2" delay="0.45226123929023743"/>
		<trigger start="4.4740734100341797" name="texture" value="mcbonertwist.png" repeat="2" delay="0.46482405066490173"/>
		<trigger start="0.37273406982421875" name="texture" value="mcbonertwist.png" repeat="2" delay="0.47110551595687866"/>
		<spline name="x" type="smooth" timescale="1" timeoffset="0" valuescale="1" valueoffset="0">
			<key time="0" value="-67"/>
			<key time="0.16324126720428467" value="-0.375"/>
			<key time="0.99223548173904419" value="0.78289794921875"/>
			<key time="1.142912745475769" value="67"/>
			<key time="1.1680383682250977" value="67"/>
			<key time="3.8941783905029297" value="67"/>
			<key time="3.919304370880127" value="67"/>
			<key time="4.0574951171875" value="0"/>
			<key time="4.8991999626159668" value="0"/>
			<key time="5.0625162124633789" value="-67"/>
		</spline>
		<spline name="y" type="smooth" timescale="1" timeoffset="0" valuescale="1" valueoffset="0">
			<key time="0" value="13"/>
			<key time="0.15699750185012817" value="-7"/>
			<key time="0.18836688995361328" value="-7.4069051742553711"/>
			<key time="0.28964993357658386" value="0.47429466247558594"/>
			<key time="0.39093297719955444" value="-7.5936031341552734"/>
			<key time="0.49849742650985718" value="-0.66666316986083984"/>
			<key time="0.60606187582015991" value="-7.753633975982666"/>
			<key time="0.71990776062011719" value="-0.82703256607055664"/>
			<key time="0.83375358581542969" value="-7.8992629051208496"/>
			<key time="0.92522430419921875" value="0.065356731414794922"/>
			<key time="1.0166950225830078" value="-7.9646205902099609"/>
			<key time="1.1743584871292114" value="13"/>
			<key time="1.19948410987854" value="13"/>
			<key time="3.8753728866577148" value="13"/>
			<key time="3.9004988670349121" value="13"/>
			<key time="4.0386896133422852" value="-9"/>
			<key time="4.1517548561096191" value="0"/>
			<key time="4.2396945953369141" value="-9"/>
			<key time="4.3778853416442871" value="0"/>
			<key time="4.4783878326416016" value="-9"/>
			<key time="4.5914530754089355" value="0"/>
			<key time="4.6793928146362305" value="-9"/>
			<key time="4.8175835609436035" value="0"/>
			<key time="4.918086051940918" value="-9"/>
			<key time="5.056276798248291" value="13"/>
		</spline>
		<spline name="alpha" type="smooth" timescale="1" timeoffset="0" valuescale="1" valueoffset="0">
			<key time="0" value="12"/>
			<key time="2.6317253112792969" value="12"/>
			<key time="5.2634506225585938" value="12"/>
		</spline>
		<spline name="size" type="smooth" timescale="1" timeoffset="0" valuescale="1" valueoffset="0">
			<key time="0" value="22"/>
			<key time="0.77874374389648438" value="22"/>
			<key time="1.5574874877929687" value="22"/>
		</spline>
	</effect>
	<effect name="star" start="0" end="8.6180973052978516">
		<trigger start="0" name="texture" value="mcuniverse.png"/>
	</effect>
	<effect name="rut boner" start="0" end="10">
		<trigger start="0" name="texture" value="mcscroller.png"/>
		<spline name="alpha" type="smooth" timescale="1" timeoffset="0" valuescale="1" valueoffset="0">
			<key time="0" value="0"/>
			<key time="0.57789039611816406" value="15"/>
			<key time="9.4095544815063477" value="15"/>
			<key time="10" value="0"/>
		</spline>
		<spline name="x" type="smooth" timescale="1" timeoffset="0" valuescale="1" valueoffset="0">
			<key time="0" value="0"/>
			<key time="5" value="0"/>
			<key time="8.3040218353271484" value="0"/>
			<key time="8.3479881286621094" value="0"/>
			<key time="10" value="-27"/>
		</spline>
		<spline name="size" type="smooth" timescale="1" timeoffset="0" valuescale="1" valueoffset="0">
			<key time="0" value="37"/>
			<key time="5" value="37"/>
			<key time="7.5" value="37"/>
			<key time="7.5439667701721191" value="37"/>
			<key time="8.7719831466674805" value="64.912666320800781"/>
			<key time="8.9839801788330078" value="75.8204345703125"/>
			<key time="10" value="93"/>
		</spline>
		<spline name="angle" type="smooth" timescale="1" timeoffset="0" valuescale="1" valueoffset="0">
			<key time="0" value="0"/>
			<key time="5" value="0"/>
			<key time="7.5" value="0"/>
			<key time="7.6444692611694336" value="0"/>
			<key time="10" value="205"/>
		</spline>
		<spline name="y" type="smooth" timescale="1" timeoffset="0" valuescale="1" valueoffset="0">
			<key time="0" value="-67"/>
			<key time="7.5753769874572754" value="-8"/>
			<key time="8.0496244430541992" value="11.318107604980469"/>
			<key time="8.75" value="64"/>
			<key time="10" value="76"/>
		</spline>
	</effect>
	<effect name="rut back2" start="33.510185241699219" end="39.829746246337891">
		<trigger start="0" name="color" value="255255255"/>
		<spline name="angle" type="smooth" timescale="1" timeoffset="0" valuescale="1" valueoffset="0">
			<key time="0" value="0"/>
			<key time="0.17285533249378204" value="547.625"/>
			<key time="0.55878382921218872" value="-259.10931396484375"/>
			<key time="0.92762744426727295" value="524.34478759765625"/>
			<key time="1.5477272272109985" value="-1000.83740234375"/>
			<key time="2.0592837333679199" value="1000.3963623046875"/>
			<key time="2.5205891132354736" value="0.88541668653488159"/>
			<key time="2.7648079395294189" value="0.97968751192092896"/>
			<key time="2.9622941017150879" value="1.0086371898651123"/>
			<key time="3.0610373020172119" value="1.0139572620391846"/>
			<key time="3.1597805023193359" value="1"/>
			<key time="6.3195610046386719" value="0"/>
		</spline>
		<spline name="size" type="smooth" timescale="1" timeoffset="0" valuescale="1" valueoffset="0">
			<key time="2.3283064365386963e-010" value="0"/>
			<key time="0.70037603378295898" value="28.188278198242187"/>
			<key time="1.0551773309707642" value="7.6382789611816406"/>
			<key time="1.5104809999465942" value="24.70867919921875"/>
			<key time="2.1698322296142578" value="22.419464111328125"/>
			<key time="2.3830075263977051" value="82.702178955078125"/>
			<key time="2.4203031063079834" value="82.554344177246094"/>
			<key time="2.6083526611328125" value="82.422767639160156"/>
			<key time="5.0188417434692383" value="82"/>
			<key time="10.062808990478516" value="84"/>
		</spline>
		<spline name="alpha" type="smooth" timescale="1" timeoffset="0" valuescale="1" valueoffset="0">
			<key time="0" value="12"/>
			<key time="5.0314044952392578" value="10"/>
			<key time="10.062808990478516" value="12"/>
		</spline>
		<spline name="y" type="smooth" timescale="1" timeoffset="0" valuescale="1" valueoffset="0">
			<key time="0" value="0"/>
			<key time="5.0314044952392578" value="0"/>
			<key time="10.062808990478516" value="0"/>
		</spline>
		<spline name="x" type="smooth" timescale="1" timeoffset="0" valuescale="1" valueoffset="0">
			<key time="0" value="0"/>
			<key time="5.0314044952392578" value="0"/>
			<key time="10.062808990478516" value="0"/>
		</spline>
	</effect>
	<effect name="rut back1" start="35.733787536621094" end="39.792057037353516">
		<trigger start="0" name="angle" value="0"/>
		<trigger start="0" name="color" value="255255255"/>
		<trigger start="0" name="texture" value="mcstar.png"/>
		<spline name="y" type="smooth" timescale="1" timeoffset="0" valuescale="1" valueoffset="0">
			<key time="0" value="0"/>
			<key time="5" value="0"/>
			<key time="10" value="0"/>
		</spline>
		<spline name="x" type="smooth" timescale="1" timeoffset="0" valuescale="1" valueoffset="0">
			<key time="0" value="0"/>
			<key time="5" value="0"/>
			<key time="10" value="0"/>
		</spline>
		<spline name="alpha" type="smooth" timescale="1" timeoffset="0" valuescale="1" valueoffset="0">
			<key time="0" value="11"/>
			<key time="0.057857420295476913" value="0"/>
			<key time="0.086786136031150818" value="0.44455909729003906"/>
			<key time="0.11571484804153442" value="11"/>
			<key time="0.19869789481163025" value="0.14594841003417969"/>
			<key time="0.25903362035751343" value="-0.33215904235839844"/>
			<key time="0.30680656433105469" value="11"/>
			<key time="0.4004877507686615" value="0.12872219085693359"/>
			<key time="0.44732832908630371" value="-0.48667526245117188"/>
			<key time="0.49416893720626831" value="11"/>
			<key time="0.59126079082489014" value="11.252403259277344"/>
			<key time="0.61468106508255005" value="0.15688705444335938"/>
			<key time="0.75830078125" value="0.077062606811523438"/>
			<key time="0.81398075819015503" value="11"/>
			<key time="0.91735398769378662" value="11.38205623626709"/>
			<key time="0.94391483068466187" value="-0.64440727233886719"/>
			<key time="1.0765422582626343" value="-1.1113691329956055"/>
			<key time="1.0835411548614502" value="11"/>
			<key time="1.2464654445648193" value="11"/>
			<key time="1.2651132345199585" value="-0.091078519821166992"/>
			<key time="1.3812215328216553" value="0.032527446746826172"/>
			<key time="1.3842639923095703" value="11"/>
			<key time="1.622172474861145" value="11"/>
			<key time="1.9166141748428345" value="11"/>
			<key time="4.2713489532470703" value="11"/>
		</spline>
		<spline name="size" type="smooth" timescale="1" timeoffset="0" valuescale="1" valueoffset="0">
			<key time="0" value="32"/>
			<key time="5" value="32"/>
			<key time="10" value="32"/>
		</spline>
	</effect>
	<effect name="rut back3" start="30.070653915405273" end="30.799234390258789">
		<trigger start="0" name="texture" value="mcbrallor.png"/>
		<trigger start="0" name="angle" value="0"/>
		<trigger start="0" name="color" value="255255255"/>
		<spline name="angle" type="smooth" timescale="1" timeoffset="0" valuescale="1" valueoffset="0">
			<key time="0" value="0"/>
			<key time="0.36429023742675781" value="0"/>
			<key time="0.72858047485351563" value="0"/>
		</spline>
		<spline name="y" type="smooth" timescale="1" timeoffset="0" valuescale="1" valueoffset="0">
			<key time="0" value="-4"/>
			<key time="0.36429023742675781" value="-4"/>
			<key time="0.72858047485351563" value="-4"/>
		</spline>
		<spline name="size" type="smooth" timescale="1" timeoffset="0" valuescale="1" valueoffset="0">
			<key time="0" value="30"/>
			<key time="0.36429023742675781" value="30"/>
			<key time="0.72858047485351563" value="30"/>
		</spline>
		<spline name="x" type="smooth" timescale="1" timeoffset="0" valuescale="1" valueoffset="0">
			<key time="0" value="24"/>
			<key time="0.36429023742675781" value="24"/>
			<key time="0.72858047485351563" value="24"/>
		</spline>
	</effect>
</script>
