<particle>
	<emitter name="planet" start="0" end="10" particles="100">
		
		<origin x="0" y="0" z="0"/>
		<base x="0" y="0" z="0"/>
		
		<direction x="0" y="1" z="0"/>
		<spread x="0" y="0" z="0"/>
		<speed from="80" to="100"/>
		
		<size from="1" to="2"/>
		
		<color r="0" r1="1" g="0" g1="1" b="1"/>
		<life from="3" to="5" type="sin"/>
				
		<emitter particles="100" start="5" end="10">	
			<color r="0.0f" g="0.4f" b="0.5f" a="0.5f"/>
			<life from="0" to="5" type="sin"/>
		</emitter>
	</emitter>	
</particle>